id,title,status,is_active,country,website,sphere_dataset_link,links_to_data,has_numerical_data,has_presence_values,population,sampled_locations,sampling_started,total_samples,total_dates_sampled,last_update,notes,targets,data_format,sampling_technique,category
7d566c75-9dba-49ef-9a07-c74af4e0e8c5,USA - Utah Dashboard,,True,US,"{'uri': 'https://deq.utah.gov/water-quality/sars-cov-2-sewage-monitoring', 'title': '', 'options': []}",,[],,,,,,,,,,,PDF,,Data Dashboard
35d655f1-16dd-4a02-b1b1-961d2aa6a43b,USA - Connecticut - Mansfield,,True,US,"{'uri': 'https://covid-testing.uconn.edu/dashboard/', 'title': '', 'options': []}",,[],,,,,,,,,,,,,Data Dashboard
ca1b6397-b859-4e58-9df0-de69e1e27970,USA - California - San Diego,,True,US,"{'uri': 'https://returntolearn.ucsd.edu/dashboard/index.html', 'title': '', 'options': []}",,[],,,,,,,,,,,,,Data Dashboard
dc7e6b52-7f94-46b4-9caa-e553f2cc4e9a,Canada - Ontario - Windsor,,True,CA,"{'uri': 'https://wechu.org/cv/weekly-epidemiological-summary', 'title': '', 'options': []}",,[],,,,,,,,,,,PDF,,Data Dashboard
1d56ed15-5a27-4261-bcfc-7408a5a11ad4,USA - Massachusetts - Cambridge,,True,US,"{'uri': 'https://cityofcambridge.shinyapps.io/COVID19/#shiny-tab-wastewater', 'title': '', 'options': []}",,[],,,,,,,,,,,,,Data Dashboard
eed9efac-db81-44df-9aa3-c4b8143c7984,USA - Georgia - Athens,,True,US,"{'uri': 'https://lipplab-uga.github.io/covid_wastewater_lipplab_athens/', 'title': '', 'options': []}",,[],,,,,,,,,,,Code,,Data Dashboard
cb11a4d8-ab97-4073-bbd6-77435881b06f,Greece - Attica - Athens,,True,GR,"{'uri': 'http://trams.chem.uoa.gr/covid-19/', 'title': '', 'options': []}",,[],,,,,,0,0,,,,,,Data Dashboard
cdcc236b-ec9d-4f9d-95ce-5dcb0629bff9,USA - Connecticut - New Haven,,True,US,"{'uri': 'https://yalecovidwastewater.com/', 'title': '', 'options': []}",,[],,,,,,,,,,,,,Data Dashboard
d02c1253-701c-4986-8d5c-c4ed02110dc7,USA - South Carolina - Clemson,,True,US,"{'uri': 'https://www.clemson.edu/covid-19/testing/wastewater-dashboard.html', 'title': '', 'options': []}",,[],,,,,,,,,,,Application,,Data Dashboard
6b97633c-4124-498e-84ff-ca946dc8d714,USA - Pennsylvania  - Erie,,True,US,"{'uri': 'https://eriecountypa.gov/tag/biobot/', 'title': '', 'options': []}",,[],,,,,,,,,,,Website,,Data Dashboard
08d7d3ba-a2d3-49e5-867b-f5647a3c9c0c,USA - Montana  - Bozeman,,True,US,"{'uri': 'https://www.healthygallatin.org/coronavirus-covid-19/wastewater-data/', 'title': '', 'options': []}",,[],,,,,,,,,,,Website,,Data Dashboard
2c97744e-d6f2-42c1-bc3b-e055cdd5de37,USA - Montana  - Big Sky,,True,US,"{'uri': 'https://www.healthygallatin.org/coronavirus-covid-19/wastewater-data/', 'title': '', 'options': []}",,[],,,,,,,,,,,Website,,Data Dashboard
3f43988a-5334-4de0-b45f-a2b811cf3448,USA - Montana  - West Yellowstone,,True,US,"{'uri': 'https://www.healthygallatin.org/coronavirus-covid-19/wastewater-data/', 'title': '', 'options': []}",,[],,,,,,,,,,,Website,,Data Dashboard
5d5e9d4a-3c56-4808-b7bd-6bb6e5cca6f3,USA - Montana  - Three Forks ,,True,US,"{'uri': 'https://www.healthygallatin.org/coronavirus-covid-19/wastewater-data/', 'title': '', 'options': []}",,[],,,,,,,,,,,Website,,Data Dashboard
d2696eab-7533-4dd6-874f-d4d1d95ba7a6,USA - Montana  - Belgrade,,True,US,"{'uri': 'https://www.healthygallatin.org/coronavirus-covid-19/wastewater-data/', 'title': '', 'options': []}",,[],,,,,,,,,,,Website,,Data Dashboard
7530fda4-54b8-43ca-bacc-37cf0fce6cd0,Spain - Valencia Dashboard,,True,ES,"{'uri': 'https://www.idrica.com/blog/valencia-anticipates-coronavirus-outbreaks-thanks-to-goaigua-sars-analytics/', 'title': '', 'options': []}",,[],,,,,,,,,,,PDF,,Data Dashboard
106ec696-94bc-46bc-8dfd-03865ba2352f,USA - Arizona - Gilbert,,True,US,"{'uri': 'https://experience.arcgis.com/experience/19a447509ff44fcf922ad0892b7b2cce/page/page_21/', 'title': '', 'options': []}",,[],,,,,,,,,,,Application,,Data Dashboard
2a24c336-1932-4159-96e5-10c5ff3b8c61,USA - Oregon  - Corvallis,,True,US,"{'uri': 'http://people.oregonstate.edu/~levit/Software/CorvallisWastewater102120.html', 'title': '', 'options': []}",,[],,,,,,,,,,,Image,,Data Dashboard
10bd28aa-84c3-42d9-9b19-a0579e35fd96,Brazil - Rio Grande do Sul Dashboard ,,True,BR,"{'uri': 'https://app.powerbi.com/view?r=eyJrIjoiMzNhZjNiNjUtZjQxZS00ZDA0LWFhZTctNjNlNjg0Mjg5Y2FiIiwidCI6IjE1ZGNkOTA5LThkYzAtNDBlOS1hMWU1LWNlY2IwNTNjZGQxYSJ9&pageName=ReportSection', 'title': '', 'options': []}",,[],,,,,,,,,,,Application,,Data Dashboard
8566f1d1-fe20-43f0-b217-5605e3856674,USA - Pennsylvania  - Indiana,,True,US,"{'uri': 'https://www.indianaboro.com/news/categories/wastewater-surveillance', 'title': '', 'options': []}",,[],,,,,,,,,,,Image,,Data Dashboard
f9c7f60f-026e-4cbe-bdbc-5e179be3c904,USA - Massachusetts - Nantucket (Island) ,,True,US,"{'uri': 'https://nantucket-ma.gov/1864/Surfside-Wastewater-Treatment-Facility-C', 'title': '', 'options': []}",,[],,,,,,,,,,,PDF,,Data Dashboard
61a933a3-38ec-4502-9dcc-ebea25dae902,USA - New Hampshire - Keene,,True,US,"{'uri': 'https://www.keene.edu/featured/fall2020/covid-19-dashboard/', 'title': '', 'options': []}",,[],,,,,,,,,,,PDF,,Data Dashboard
69720d0c-5b62-4bde-bc3a-1dc5a3675ad8,USA - Colorado - Denver,,True,US,"{'uri': 'https://www.du.edu/coronavirus/dashboard', 'title': '', 'options': []}",,[],,,,,,,,,,,Application,,Data Dashboard
8738df03-41b0-455a-9b78-402d5442a084,USA - Vermont - Burlington,,True,US,"{'uri': 'https://coronavirus-response-burlingtonvt.hub.arcgis.com/pages/wastewater-monitoring', 'title': '', 'options': []}",,[],,,,,,,,,,,,,Data Dashboard
d48a7942-858f-4b26-bbb5-c41943164deb,USA - Oregon Dashboard,,True,US,"{'uri': 'https://public.tableau.com/profile/oregon.health.authority.covid.19#!/vizhome/OregonsSARS-CoV-2WastewaterMonitoring/WastewaterDashboard', 'title': '', 'options': []}",,[],,,,,,,,,,,,,Data Dashboard
e861639d-36d8-4f31-85ac-e9b59c4ea3bb,USA - Florida - Jupiter,,True,US,"{'uri': 'https://loxahatcheeriver.org/wastewater-surveillance/', 'title': '', 'options': []}",,[],,,,,,,,,,,,,Data Dashboard
64feb5cd-3d34-4565-90ad-3bd6c2a0051a,Australia - Queensland Dashboard ,,True,AU,"{'uri': 'https://www.qld.gov.au/health/conditions/health-alerts/coronavirus-covid-19/current-status/wastewater', 'title': '', 'options': []}",,[],,,,,,,,,,,,,Data Dashboard
73aa9b78-237d-472e-b860-856dc3ecf490,Brazil - Minas Gerais - Contagem and Belo Horizonte,,True,BR,"{'uri': 'https://portal1.snirh.gov.br/ana/apps/opsdashboard/index.html#/0866093559f04e469d42097b5347e910', 'title': '', 'options': []}",,[],,,,,,,,,,,,,Data Dashboard
e8f7faba-58b2-4aa3-8224-0f25a40a06e1,USA - Michigan Dashboard,,True,US,"{'uri': 'https://egle.maps.arcgis.com/apps/webappviewer/index.html?id=8e3cb66aca204876a1db0e1b663af805', 'title': '', 'options': []}",,[],,,,,,,,,,,,,Data Dashboard
0766542a-6b1b-4d85-8400-23b06cf41c35,USA - Tennessee - Chattanooga,,True,US,"{'uri': 'https://connect.chattanooga.gov/covid-biobot-analysis-reports/', 'title': '', 'options': []}",,[],,,,,,,,,,,PDF,,Data Dashboard
19e9d17c-c300-4301-b0c6-20b75ec4d790,USA - Pennsylvania Dashboard ,,True,US,"{'uri': 'https://www.cor.pa.gov/Pages/COVID-19.aspx', 'title': '', 'options': []}",,[],,,,,,,,,,,PDF,,Data Dashboard
b809642d-4d70-4c63-8e1d-7c8640f5da7b,USA - Virginia - Southeastern,,True,US,"{'uri': 'https://www.hrsd.com/HRSD-COVID-19-Surveillance', 'title': '', 'options': []}",,[],,,,,,,,,,,Image,,Data Dashboard
de0df28f-3181-421c-89e9-b6edf60d62e5,USA - Colorado Dashboard,,True,US,"{'uri': 'https://cdphe.maps.arcgis.com/apps/opsdashboard/index.html#/d79cf93c3938470ca4bcc4823328946b', 'title': '', 'options': []}",,[],,,,,,,,,,,,,Data Dashboard
d1679176-0161-42ab-8c74-4fc8a429d2cb,USA - Illinois - Yorkville-Bristol Sanitary District Dashboard,,True,US,"{'uri': 'https://portal.rjngroup.com/arcgisportal/apps/opsdashboard/index.html#/594d4b1b2dd840958cedb50b1381982b', 'title': '', 'options': []}",,[],,,,,,,,, (https://ybsd.org/),,,,Data Dashboard
879a9b4c-4ac4-4546-986d-04d176af5d59,USA - Missouri Dashboard,,True,US,"{'uri': 'https://storymaps.arcgis.com/stories/f7f5492486114da6b5d6fdc07f81aacf', 'title': '', 'options': []}",,[],,,,,,,,,,,,,Data Dashboard
a21cbd01-5bf9-412c-a4d6-b0acf4ca3097,USA - Montana - Helena,,True,US,"{'uri': 'https://www.lccountymt.gov/health/covid-19/local-covid-19-decision-making-dashboard.html', 'title': '', 'options': []}",,[],,,,,,,,,,,PDF,,Data Dashboard
e2137b5a-2190-44be-82c4-940faa6e2355,Canada - Alberta - Calgary,,True,CA,"{'uri': 'https://www.chi-csm.ca', 'title': '', 'options': []}",,[],,,,,,0,0,,https://github.com/ccodwg/Covid19Canada,,,,Data Dashboard
e7b3dd3f-40f1-4a2d-93a1-18a2e3395f84,Spain - Madrid Dashboard,,True,ES,"{'uri': 'https://www.canaldeisabelsegunda.es/mapa-vigia', 'title': '', 'options': []}",,[],,,,,,0,0,,,,,,Data Dashboard
cc46867c-2449-4677-93ff-061423ee1a3d,Canada - Northwest Territories Dashboard,,True,CA,"{'uri': 'https://nwt-covid.shinyapps.io/Testing-and-Cases/?lang=1', 'title': '', 'options': []}",,[],,,,,,0,0,,,,,,Data Dashboard
1eec2653-cba7-40dc-9ddc-82ae73b520e6,USA - Colorado - San Miguel County,,True,US,"{'uri': 'https://sanmiguelco.maps.arcgis.com/apps/opsdashboard/index.html#/56e682135d1d4128bee1a0426aed1d10', 'title': '', 'options': []}",,[],,,,,,0,0,,,,,,Data Dashboard
8c5a12b5-fcbb-46af-8031-02c314eb945d,Canada - British Colombia - Metro Vancouver,,True,CA,"{'uri': 'http://www.metrovancouver.org/services/liquid-waste/environmental-management/covid-19-wastewater/Pages/default.aspx', 'title': '', 'options': []}",,[],,,,,,0,0,,,,,,Data Dashboard
ce31710b-2895-48de-a2ae-391d6c8f708f,USA - Maryland Dashboard,,True,US,"{'uri': 'http://smchd.org/covid-19-wastewater', 'title': '', 'options': []}",,[],,,,,,0,0,,,,,,Data Dashboard
f99c5254-374c-463f-b5ef-2da5d83d0cee,Spain - Country Dashboard,,True,ES,"{'uri': 'https://edarbens.es/covid19/', 'title': '', 'options': []}",,[],,,,,,0,0,,,,,,Data Dashboard
801e040e-32c2-4912-8a71-543fcc541be0,Spain - Country Dashboard,,True,ES,"{'uri': 'https://miteco.maps.arcgis.com/apps/opsdashboard/index.html#/aab0e0653d694289b310f6485f9f2226', 'title': '', 'options': []}",,[],,,,,,0,0,,,,,,Data Dashboard
beecc0eb-b226-4a8d-b7d4-18dd8828730c,"USA - California - Davis, Gilroy, Palo Alto, Redwood City, Sacramento, San Jose, San Francisco, & Sunnyvale",,True,US,"{'uri': 'https://soe-wbe-pilot.wl.r.appspot.com/charts#page=overview', 'title': '', 'options': []}",,[],,,,,,0,0,,,,,,Data Dashboard
f0c90884-d6cc-432d-8104-dab74f6297b5,USA - California - Davis ,,True,US,"{'uri': 'https://healthydavistogether.org/wastewater-testing/', 'title': '', 'options': []}",,[],,,,,,0,0,,,,,,Data Dashboard
0461e7e4-f916-441c-ade1-552385be8211,USA - Massachusetts - South Hadley,,True,US,"{'uri': 'https://southhadley.org/DocumentCenter/Index/604', 'title': '', 'options': []}",,[],,,,,,0,0,,,,,,Data Dashboard
a2d56823-a61e-44d7-901e-db28c13dc806,USA - Delaware  - New Castle County,,True,US,"{'uri': 'http://biobot.newcastlede.gov/', 'title': '', 'options': []}",,[],,,,,,,,,,,Code,,Data Dashboard
da36f8d3-73ed-44fb-843f-0bb62af1ea8c,USA - Delaware - New Castle County,,True,US,"{'uri': 'https://app.powerbi.com/view?r=eyJrIjoiNTg3NjVjYTItYjA5Yi00YTQyLWFmNmMtODQ5MWMzMzZiZTFiIiwidCI6IjYyMDIyYTVlLTUxOGEtNDg3YS05MzM4LWExOWRiYTRhZTA0ZiIsImMiOjF9&pageName=ReportSection2e91161f71e059182c05', 'title': '', 'options': []}",,[],,,,,,0,0,,,,,,Data Dashboard
2eb8fa6f-09b8-48a6-b9f7-ea9ad622b49d,Canada - Ontario - Peel,,True,CA,"{'uri': 'https://www.peelregion.ca/health-professionals/covid-19/#symptoms', 'title': '', 'options': []}",,[],,,,,,0,0,,,,,,Data Dashboard
f7af1972-9fc7-407d-b7b7-d16f52deddf7,Canada - Ontario - London,,True,CA,"{'uri': 'http://www.519covid.ca/', 'title': '', 'options': []}",,[],,,,,,0,0,,,,,,Data Dashboard
4e20c16f-5211-4680-9ebc-04554a8b9412,Canada - Saskatchewan - Saskatoon,,True,CA,"{'uri': 'https://water.usask.ca/covid-19/#ResearchersandFunding', 'title': '', 'options': []}",,[],,,,,,0,0,,,,,,Data Dashboard
7e29d9bd-bcb8-4b55-8607-66628464bb23,Australia - New South Wales Dashboard,,True,AU,"{'uri': 'https://www.health.nsw.gov.au/Infectious/covid-19/Pages/sewage-surveillance.aspx', 'title': '', 'options': []}",,[],,,,,,0,0,,,,,,Data Dashboard
62ea05bd-af2a-4ae8-9d3f-b3f117a5d5c1,"USA - Oregon - Newport, Cascades, and Corvallis",,True,US,"{'uri': 'https://trace.oregonstate.edu/testing-results', 'title': '', 'options': []}",,[],,,,,,0,0,,,,,,Data Dashboard
066bf787-b64b-4c97-b25e-abb01372b623,USA - Michigan - EGLE Dashboard,,True,US,"{'uri': 'https://arcg.is/1KySSv', 'title': '', 'options': []}",,[],,,,,,0,0,,,,,,Data Dashboard
b6593f7e-d3bf-4347-b7d4-a334efd7e86b,France - Reseau-Obepine Dashboard,,True,FR,"{'uri': 'https://www.reseau-obepine.fr/donnees-ouvertes/', 'title': '', 'options': []}",,[],,,,,,,,,,,Image,,Data Dashboard
66b4d50b-71e8-4554-b27a-d4bffaf17ddd,France - Country Dashboard,,True,FR,"{'uri': 'https://covidtracker.fr/covidexplorer/', 'title': '', 'options': []}",,[],,,,,,0,0,,,,,,Data Dashboard
aa601154-2459-4f1f-8581-bdd3ddadfe96,USA - California - Palm Springs,,True,US,"{'uri': 'https://www.palmspringsca.gov/government/departments/community-economic-development-department/wastewater-treatment-plant-covid-19-test-reports', 'title': '', 'options': []}",,[],,,,,,0,0,,,,,,Data Dashboard
7caee730-3d76-4161-8fdf-b34fe2a91188,Australia - Tasmania Dashboard,,True,AU,"{'uri': 'https://www.coronavirus.tas.gov.au/facts/covid-19-wastewater-testing/covid-19-wastewater-testing-results', 'title': '', 'options': []}",,[],,,,,,0,0,,,,,,Data Dashboard
6b093401-d4ed-496b-a27d-2b96fa250d4c,USA - North Carolina - Jackson county & Haywood county,,True,US,"{'uri': 'https://wastewater.covid19.mathematica.org/', 'title': '', 'options': []}",,[],,,,,,0,0,,,,,,Data Dashboard
0e7c835e-6986-4aee-839b-42711b5c917d,Canada - Waterloo Dashboard,,True,CA,"{'uri': 'https://www.regionofwaterloo.ca/en/health-and-wellness/covid-19-wastewater-surveillance.aspx#', 'title': '', 'options': []}",,[],,,,,,0,0,,,,,,Data Dashboard
a569f309-b5ec-419b-9745-5298d8d1fdef,USA - North Carolina Dashboard,,True,US,"{'uri': 'https://covid19.ncdhhs.gov/dashboard/wastewater-monitoring', 'title': '', 'options': []}",,[],,,,,,0,0,,,,,,Data Dashboard
dabb7f00-04d4-49fa-bea2-b47316bd6058,Australia - Western Dashboard,,True,AU,"{'uri': 'https://ww2.health.wa.gov.au/Articles/A_E/Coronavirus/COVID19-wastewater-testing', 'title': '', 'options': []}",,[],,,,,,0,0,,,,,,Data Dashboard
c6b0e3a2-657c-4f00-87bc-072c186ec9cb,Canada - Canadian Water Network Dashboard,,True,CA,"{'uri': 'https://cwn-rce.ca/covid-19-wastewater-coalition/covid-19-wastewater-coalition-maps/', 'title': '', 'options': []}",,[],,,,,,0,0,,,,,,Data Dashboard
aeff48b4-92a4-4d48-a0e3-bfcdc0f98519,Ghana - Working Group,,True,GH,,,[],,,,,,,,,,,,,Data Dashboard
95819e43-3c1c-49d0-9e40-4347e34e9b38,India - Working Group,,True,IN,,,[],,,,,,,,,,,,,Data Dashboard
78423e7a-6f37-4121-b823-bcd33b9e749e,USA - Massachusetts Dashboard,,True,US,"{'uri': 'http://www.mwra.com/biobot/biobotdata.htm', 'title': '', 'options': []}",,[],False,False,,,,,,,,,PDF,,Data Dashboard
4b638249-7866-478d-8b93-d8c894da962a,Bangladesh - Dhaka Dashboard,,True,BD,"{'uri': 'https://erin-wettstone.shinyapps.io/Dashboard_V6/', 'title': '', 'options': []}",,[],False,False,,,,0,0,,,,,,Data Dashboard
3d00330f-aeb4-4778-aa32-1ae88f96deb7,Austria- Vorarlberg - Hohenems,,True,AT,"{'uri': 'https://www.coron-a.at/dashboard/', 'title': '', 'options': []}",,[],False,False,,,,0,0,,,,,,Data Dashboard
582bfd75-1b47-41b6-b8f3-54f0c3bbe6c3,USA - Arizona - Tempe,,True,US,"{'uri': 'https://covid19.tempe.gov/', 'title': '', 'options': []}",,[],False,False,,,,339,48,,,,CSV,,Data Dashboard
7f0cb569-03b7-4b1b-8963-6d9c8eaac384,South Africa - SAMRC Dashboard,,True,ZA,"{'uri': 'https://www.samrc.ac.za/wbe/about.html', 'title': '', 'options': []}",,[],True,True,,,2021-03-22,120,5,,,N1; N2,,,Data Dashboard
e03562d6-e034-49e0-9f04-a97cc6446d86,Bangladesh - Working Group,,True,BD,,,[],False,False,,,,,,,,,,,Data Dashboard
14b7fcb3-aebc-4008-bb8b-2224fcb63401,Canada - Ontario - Kingston,,True,CA,"{'uri': 'https://www.kflaph.ca/en/healthy-living/covid-19-in-city-of-kingston-wastewater.aspx', 'title': '', 'options': []}",,[],False,False,,,,0,0,,,,,,Data Dashboard
a2142b99-f288-45ee-8c43-637842fa2c02,Sweden - Uppsala Dashboard,,True,SE,"{'uri': 'https://crush-covid.shinyapps.io/crush_covid/', 'title': '', 'options': []}",,[],False,False,,,,0,0,,,,,,Data Dashboard
ac5ed15a-f60d-4edd-9153-9aaecc8e354e,Sweden - SciLifeLab Dashboard,,True,SE,"{'uri': 'https://covid19dataportal.se/data_types/environment/wastewater/', 'title': '', 'options': []}",https://dev.w4c.venthic.com/sites/default/files/uploaded_resources/sweden_samples_202106.geojson,[],True,False,,,2020-04-13,124,77,,,N1,,,Data Dashboard
749d17be-d0a4-4cd7-be58-9f91bf41cb3e,US - Hawaii - Oahu,,False,US,"{'uri': 'https://www.oneoahu.org/dashboard', 'title': '', 'options': []}",https://sphere.waterpathogens.org/sites/default/files/uploaded_resources/honolulu_samples_202106.geojson,[],False,True,,,,232,28,,,,,,Data Dashboard included in W-SPHERE
155d1d65-dc27-418b-8c0a-176b0cad1609,New Zealand - ESR Dashboard,,True,NZ,"{'uri': 'https://www.esr.cri.nz/our-expertise/covid-19-response/wastewater-testing-results/', 'title': '', 'options': []}",,[],False,False,,,,0,0,,,,,,Data Dashboard
a5628e1e-e0fd-4707-baee-0621c3fe5d30,Canada - Newfoundland Labrador Dashboard,,True,CA,"{'uri': 'https://www.gov.nl.ca/ecc/waterres/wastewater-surveillance-for-covid-19-virus/', 'title': '', 'options': []}",,[],True,True,,,,0,0,,,,,,Data Dashboard
dcf1c4d6-18af-43bd-9581-139ef9027edb,Canada - Ontario - Durham,,True,CA,"{'uri': 'https://app.powerbi.com/view?r=eyJrIjoiMjU2MmEzM2QtNDliNS00ZmIxLWI5MzYtOTU0NTI1YmU5MjQ2IiwidCI6IjUyZDdjOWMyLWQ1NDktNDFiNi05YjFmLTlkYTE5OGRjM2YxNiJ9', 'title': '', 'options': []}",,[],True,True,,,,0,0,,,,,,Data Dashboard
79dd2fce-e024-40c7-bcd6-71b7861ef884,USA - California - San Bernardino,,True,US,"{'uri': 'https://datastudio.google.com/u/0/reporting/430e67c8-acaf-4574-a2d4-48d0b665ab05/page/jMhOC', 'title': '', 'options': []}",,[],True,True,,,,0,0,,,,,,Data Dashboard
8a56b701-8e95-47b8-98c2-ecaec05a3feb,USA - Texas - Houston,,True,US,"{'uri': 'https://covidwwtp.spatialstudieslab.org/', 'title': '', 'options': []}",,[],True,True,,,,0,0,,,,,,Data Dashboard
506a3202-55b7-4337-ae9c-61463ec4c8b1,USA - Kansas - Lawrence,,True,US,"{'uri': 'https://experience.arcgis.com/experience/4456bae8a38f4b6180e008477382fff9/page/page_0/', 'title': '', 'options': []}",,[],True,True,,,,0,0,,,,,,Data Dashboard
81a0dd51-0674-45c3-9462-2971a678c66b,Belgium - Country Dashboard,,True,BE,"{'uri': 'https://datastudio.google.com/embed/u/0/reporting/c14a5cfc-cab7-4812-848c-0369173148ab/page/p_ggbfgsqtmc', 'title': '', 'options': []}",,[],True,True,,,,0,0,,,,,,Data Dashboard
a5572da4-a9ab-4b00-8e7d-03f99274d254,USA - Wyoming Dashboard ,,True,US,"{'uri': 'https://covidwastewatermonitor.wyo.gov/', 'title': '', 'options': []}",,[],True,True,,,,0,0,,,,,,Data Dashboard
ea0fd55c-26ba-46f8-aedf-0780e39db781,Germany - Berlin Dashboard,,True,DE,"{'uri': 'https://bimsbstatic.mdc-berlin.de/akalin/AAkalin_pathogenomics/sarscov2_ww_reports/210528_wastewaterall_pigxsarscov2ww_default/index.html', 'title': '', 'options': []}",,[],True,True,,,,0,0,,,,,,Data Dashboard
3feb1f0d-e83e-49ee-85fe-711627a832ea,USA - New York - Erie (County),,True,US,"{'uri': 'https://storymaps.arcgis.com/stories/976d047d5f0f49789e1fe865dd5407e1', 'title': '', 'options': []}",,[],True,True,,,,0,0,,,,,,Data Dashboard
13a9ab1c-2a30-4a73-ba28-15bbfcbc0250,Australia - Victoria - DHHS Dashboard ,,True,AU,"{'uri': 'https://www.dhhs.vic.gov.au/wastewater-monitoring-covid-19', 'title': '', 'options': []}",https://dev.w4c.venthic.com/sites/default/files/uploaded_resources/victoria_samples_202106.geojson,[],False,False,,,2020-08-24,6301,256,,,,Website,,Data Dashboard included in W-SPHERE (not standardized)
3498fbbf-f891-470f-88b8-d797105c132c,Nepal - Working Group,,True,NP,,,[],True,True,,,2021-03-29,368,,,,E; N1; N2,,,Data Dashboard included in W-SPHERE (not standardized)
834ae8c1-96e0-496f-8570-0d442cc54054,Canada - Ontario - Ottawa ,,True,CA,"{'uri': 'https://613covid.ca/wastewater/#', 'title': '', 'options': []}",,[],True,True,,,2020-07-29,373,352,,,N1; N2; PMMoV,CSV,,Data Dashboard included in W-SPHERE
52051399-e2f8-49f6-b3bd-81b6809cca3b,"Canada - Ontario - Barrie, Collingwood, Midland, Orillia",,False,CA,"{'uri': 'https://www.simcoemuskokahealthstats.org/topics/infectious-diseases/a-h/covid-19/covid-19-wastewater-surveillance', 'title': '', 'options': []}",,[],True,True,,,,0,0,,,,,,Data Dashboard
ef2959f8-f0b6-496b-aec1-6be8217b420d,South Africa - Gauteng - Johannesburg,,True,ZA,"{'uri': 'https://www.nicd.ac.za/diseases-a-z-index/disease-index-covid-19/surveillance-reports/weekly-reports/wastewater-based-epidemiology-for-sars-cov-2-in-south-africa/', 'title': '', 'options': []}",,[],True,True,,,,0,0,,,,,,Data Dashboard
1b94c399-24f2-493a-a434-ac32cd759174,"Brazil - Belo Horizonte, Brasilia, Curitiba, Recife, Rio de Janeiro",,True,BR,"{'uri': 'https://app.powerbi.com/view?r=eyJrIjoiNzMxYjdiZGYtZDVjNy00NTMwLWIwZmItYmQwOWJhNzk3YmU1IiwidCI6Ijc1NmU3MTc4LTA1ZmYtNGVmYy05OTY2LTU2ODFlNjE2MjA3MCJ9&pageName=ReportSectiond497bb36400a320db4c7', 'title': '', 'options': []}",,[],True,True,,,,0,0,,,,,,Data Dashboard
54042d34-3217-4e94-bcf5-2d5145450600,USA - Kentucky - Louisville,,False,US,"{'uri': 'https://louisville.edu/envirome/thecoimmunityproject/dashboard', 'title': '', 'options': []}",,[],True,True,,,2020-09-03,85,0,,,N1; PMMoV,,,Data Dashboard included in W-SPHERE
314041d9-a573-427a-82b4-cf4969cc28e7,Pakistan - Karachi - Working group,,True,PA,,,[],True,True,,,2021-06-10,150,,,,N1; N2,,,Data Dashboard included in W-SPHERE (not standardized)
cbc64b82-3e0f-40ca-adb7-d75989be1379,USA - New Mexico Dashboard,,False,US,"{'uri': 'https://www.env.nm.gov/wastewater-surveillance-system-data-dashboard/', 'title': '', 'options': []}",https://sphere.waterpathogens.org/sites/default/files/uploaded_resources/new_mexico_samples.geojson,[],False,False,,,2020-12-09,2224,60,,,,,,Data Dashboard included in W-SPHERE (not standardized)
9e167500-6dc5-42e4-9d07-2fdbbc894e09,Canada - CentrEau,,True,CA,"{'uri': 'https://www.centreau.ulaval.ca/donnees-du-projet-centreau-covid/', 'title': '', 'options': []}",,[],True,True,,,2021-01-15,511,0,,,N2; PMMoV,,,Data Dashboard included in W-SPHERE
814d3ad2-9ab4-4416-8e92-0195d3e8592f,Austria - SARS-CoV-2 Abwassermonitoring,,True,AU,"{'uri': 'https://corona.hydro-it.com/', 'title': '', 'options': []}",,[],True,True,,,2020-02-07,1163,0,,,N1,,24-hour composite,Data Dashboard included in W-SPHERE
ec1e9e01-2f13-46e9-9207-8ca129363a16,USA - Idaho  - Boise,,True,US,"{'uri': 'https://www.cityofboise.org/departments/mayor/coronavirus-covid-19-information/covid-19-data/wastewater-testing/', 'title': '', 'options': []}",,[],True,True,,,2020-05-26,380,,,,N1,CSV,,Data Dashboard included in W-SPHERE
e7b00ef1-ea45-4fad-a7ea-1c12351ce1bd,Indonesia - Working Group,,True,ID,,,[],True,True,,,2021-07-28,753,,,,N1; Orf1ab,,,Data Dashboard included in W-SPHERE
00eca8c1-8268-4003-b05c-a671f977c11a,Slovenia - Country Dashboard,,True,SI,"{'uri': 'https://covid-19.sledilnik.org/en/faq#sewage-chart', 'title': '', 'options': []}",,[],True,True,,,2020-10-22,429,0,,https://github.com/sledilnik/data/blob/master/csv/sewage.csv,N1; N2; PMMoV,,,Data Dashboard included in W-SPHERE
fa0cbe16-9c27-4fb6-9910-18ba4eb16424,USA - Wisconsin Dashboard ,,True,US,"{'uri': 'https://www.dhs.wisconsin.gov/covid-19/wastewater.htm', 'title': '', 'options': []}",https://dev.w4c.venthic.com/sites/default/files/uploaded_resources/wisconsin_samples.geojson,[],False,False,,,2020-08-26,7233,227,,,N1,,,Data Dashboard included in W-SPHERE (not standardized)
32136dab-009c-4e31-b0de-d85160619cb4,Thailand - Bangkok,,True,TH,,,[],True,True,,,2021-01-14,236,0,2022-05-13,,crAssphage; N1,CSV,,Data Dashboard included in W-SPHERE
112ef2b1-a22c-495f-922c-9e9c3bf737b2,South Korea - Korea University,,True,KO,,,[],True,True,,,2021-07-22,97,0,2022-05-13,,N1; N2,CSV,,Data Dashboard included in W-SPHERE (not standardized)
fc8ff807-b540-42a1-8f27-b764b0d90418,Netherlands – specific sites,,False,NL,"{'uri': 'https://www.kwrwater.nl/en/actueel/sewage-monitoring-as-an-early-warning-system-for-corona', 'title': '', 'options': []}",https://sphere.waterpathogens.org/sites/default/files/uploaded_resources/kwr_samples_new.geojson,[],True,True,1395507,,2020-02-05,1775,163,,,N2,CSV,,Data Dashboard included in W-SPHERE
6c26f0e2-3c6d-4378-a4f8-b821a67b8a5e,India - Karnataka - Bangalore,,True,IN,"{'uri': 'https://storymaps.arcgis.com/stories/c42be68c85634d19a5d92873a10bda66', 'title': '', 'options': []}",,[],True,True,,,,389,0,,,E; N1; N2; RdRp,,,Data Dashboard included in W-SPHERE
9747b99f-b847-4992-846c-d91d53cf0dd8,Denmark - country dashboard,,False,DN,"{'uri': 'https://covid19.ssi.dk/overvagningsdata/overvaagning-af-sarscov2-i-spildevand', 'title': '', 'options': []}",,[],True,True,,,,0,0,,,,,,Data Dashboard
63cc6406-ea42-4e1b-9932-e2a29adc3e68,United Kingdom - Wales - Cardiff,,False,GB,"{'uri': 'https://gov.wales/advice-coronavirus-technical-advisory-cell#Wastewater', 'title': '', 'options': []}",,[],True,True,,,,0,0,,,,,,Data Dashboard
4963a043-83a9-4b13-9711-ecf6e1a7d7bd,Republic of Ireland - Dublin - Leinster,,False,IE,"{'uri': 'https://www.hpsc.ie/a-z/respiratory/coronavirus/novelcoronavirus/surveillance/wastewatersurveillanceprogramme/', 'title': '', 'options': []}",,[],True,True,,,,0,0,,,,,,Data Dashboard
3de8eda0-0f33-4990-b2f5-fd63dec959af,Denmark - Copenhagen,,False,DN,"{'uri': 'https://experience.arcgis.com/experience/aa41b29149f24e20a4007a0c4e13db1d/page/Regionalt/', 'title': '', 'options': []}",,[],True,True,,,,0,0,,,,,,Data Dashboard
3cfffe7d-2a63-4606-8a5b-59b8bbf683a7,Cyprus - country dashboard,,False,CY,"{'uri': 'https://covid-pulse.cy/', 'title': '', 'options': []}",,[],True,True,,,,0,0,,,,,,Data Dashboard
0471d463-a439-474e-ace1-05e98e4cd2cc,Israel - country dashboard,,False,IS,"{'uri': 'https://app.powerbi.com/view?r=eyJrIjoiNjY5ZjM2ZTctMGM5Mi00NTZmLTk0NjMtZWQ2OThkYWZhMTA1IiwidCI6ImIzYzdlZDM0LWQxZjAtNDg5Zi05YzllLWE0YmNlYTk0YmJlNCIsImMiOjl9', 'title': '', 'options': []}",,[],True,True,,,,0,0,,,,,,Data Dashboard
12419aea-10a6-4cde-a34b-c5ea15df35ea,Latvia - country dashboard,,False,LV,"{'uri': 'https://bior.lv/lv/par-mums/jaunumi/notekudenu-monitorings-covid-19-izplatibas-noteiksanai', 'title': '', 'options': []}",,[],True,True,,,,0,0,,,,,,Data Dashboard
359463b0-1530-420e-8f08-37c7ceeca125,USA - Michigan,,False,US,"{'uri': 'https://www.michigan.gov/coronavirus/0,9753,7-406-98163_98173-573480--,00.html', 'title': '', 'options': []}",,[],True,True,,,,0,0,,,,,,Data Dashboard
4253cc69-8346-4035-8af3-d81cf52300fb,Bangladesh - Dhaka,,False,BG,"{'uri': 'https://erin-wettstone.shinyapps.io/Dashboard_V6/', 'title': '', 'options': []}",,[],True,True,,,,0,0,,,,,,Data Dashboard
c148a1f7-8728-4b79-ac3b-64e80cac3e59,Brazil - Porto Velho & Candeias do Jamari,,False,BR,,,[],True,True,,,,131,0,2022-05-31,,N1,,,Data Dashboard included in W-SPHERE (not standardized)
c09e0f24-6238-4997-96be-1e298f44de50,Malawi - Blantyre - Working group,,True,MW,,,[],True,True,,,2020-05-06,2524,,2021-01-07,,N1,,,Data Dashboard included in W-SPHERE (not standardized)
6310959d-fa00-4a87-b2a9-0425385ebbc4,USA - Ohio Dashboard,,True,US,"{'uri': 'https://coronavirus.ohio.gov/wps/portal/gov/covid-19/dashboards/wastewater', 'title': '', 'options': []}",https://dev.w4c.venthic.com/sites/default/files/uploaded_resources/ohio_samples_202106.geojson,[],False,False,,,2020-07-19,12672,141,,,,,,Data Dashboard included in W-SPHERE
7a36105a-eb43-4545-89f5-1076cc757fbd,Luxembourg - Country Dashboard,,True,LU,"{'uri': 'https://www.list.lu/en/covid-19/coronastep/', 'title': '', 'options': []}",,[],True,True,,,2020-03-30,2545,,,,E; N1,PDF,composite,Data Dashboard included in W-SPHERE
488dfbf6-65d6-41cc-ae55-57bc8a7264e7,Hungary - Country Dashboard,,True,HU,"{'uri': 'https://www.nnk.gov.hu/index.php/koronavirus/szennyvizvizsgalatok', 'title': '', 'options': []}",,[],True,True,,,2021-08-30,2943,,,,N1,Website,,Data Dashboard included in W-SPHERE
12661b66-4880-4032-903a-ecb84be0e054,Finland - Country Dashboard,,True,FI,"{'uri': 'https://www.thl.fi/episeuranta/jatevesi/jatevesiseuranta_viikkoraportti.html', 'title': '', 'options': []}",,[],True,True,,,2020-08-03,1839,,,,N2,CSV,,Data Dashboard included in W-SPHERE
a2e68e7d-3350-4e98-80ee-eb026ae8c5bd,Netherlands - RIVM,,True,NL,"{'uri': 'https://coronadashboard.government.nl/landelijk/rioolwater', 'title': '', 'options': []}",,[],True,True,,,2020-03-30,141786,0,2022-03-15,,N1; N2,,,Data Dashboard included in W-SPHERE (not standardized)
d68fa27d-beb2-4531-b85f-ac43e4fd4732,Catalonia - ICRA,,True,ES,"{'uri': 'https://sarsaigua.icra.cat/', 'title': '', 'options': []}",https://sphere.waterpathogens.org/sites/default/files/uploaded_resources/catalonia_samples_202103.geojson,[],True,True,,,2020-07-06,6309,47,,,E; IP4; N1; N2,Application,,Data Dashboard included in W-SPHERE
cbc150b6-5632-4c09-848c-4005be1eadcd,United Kingdom - Scotland Dashboard,,True,GB,"{'uri': 'https://informatics.sepa.org.uk/RNAmonitoring/', 'title': '', 'options': []}",https://sphere.waterpathogens.org/sites/default/files/uploaded_resources/sepa_samples.geojson,[],True,True,,,2020-05-28,23562,,,,N1,CSV,,Data Dashboard included in W-SPHERE
af0a76f3-4f72-4aa9-82bc-3adfea31f4d2,Switzerland - country data - Eawag,,True,CH,"{'uri': 'http://sensors-eawag.ch/sars/overview.html', 'title': '', 'options': []}",https://sphere.waterpathogens.org/sites/default/files/uploaded_resources/switzerland_samples.geojson,[],True,True,,,2020-07-07,5813,182,,,N1,,,Data Dashboard included in W-SPHERE
